{"cameraMode":{"drawMode":0,"name":"Shaded","section":"Shading Mode"},"sceneLighting":true,"audioPlay":false,"sceneViewState":{"showFog":true,"showMaterialUpdate":false,"showSkybox":true,"showFlares":true,"showImageEffects":true,"showParticleSystems":true,"showVisualEffectGraphs":true,"m_FxEnabled":true},"in2DMode":false,"pivot":{"x":1.6358939409255982,"y":-3.076570510864258,"z":4.183660984039307},"rotation":{"x":0.061058662831783298,"y":0.9290754795074463,"z":-0.17800578474998475,"w":0.31854119896888735},"size":15.784541130065918,"orthographic":false}