{"cameraMode":{"drawMode":0,"name":"Shaded","section":"Shading Mode"},"sceneLighting":true,"audioPlay":false,"sceneViewState":{"showFog":true,"showMaterialUpdate":false,"showSkybox":true,"showFlares":true,"showImageEffects":true,"showParticleSystems":true,"showVisualEffectGraphs":true,"m_FxEnabled":true},"in2DMode":false,"pivot":{"x":17.039453506469728,"y":2.912195920944214,"z":-18.906614303588868},"rotation":{"x":-0.0021918436978012325,"y":0.9947948455810547,"z":-0.10062454640865326,"w":-0.0208952184766531},"size":1.5265519618988038,"orthographic":false}