{"cameraMode":{"drawMode":0,"name":"Shaded","section":"Shading Mode"},"sceneLighting":true,"audioPlay":false,"sceneViewState":{"showFog":true,"showMaterialUpdate":false,"showSkybox":true,"showFlares":true,"showImageEffects":true,"showParticleSystems":true,"showVisualEffectGraphs":true,"m_FxEnabled":true},"in2DMode":false,"pivot":{"x":39.638633728027347,"y":-26.235841751098634,"z":-27.439903259277345},"rotation":{"x":0.04767280071973801,"y":0.9149478673934937,"z":-0.38447022438049319,"w":0.11338125914335251},"size":23.701711654663087,"orthographic":false}